{
    "beams": {
        "ca_target_request": {
            "beams": [], 
            "tilings": [
                {
                    "epoch": 1607721883.202773, 
                    "nbeams": 768, 
                    "overlap": 0.25, 
                    "reference_frequency": 1284000000.0, 
                    "target": "J0429-27, radec target, 4:29:40.13, -27:24:30.7"
                }
            ]
        }, 
        "cb_antennas": [
            "m000", 
            "m001", 
            "m002", 
            "m003", 
            "m004", 
            "m005", 
            "m006", 
            "m007", 
            "m008", 
            "m009", 
            "m010", 
            "m011", 
            "m012", 
            "m013", 
            "m014", 
            "m015", 
            "m016", 
            "m017", 
            "m018", 
            "m019", 
            "m020", 
            "m021", 
            "m022", 
            "m023", 
            "m024", 
            "m025", 
            "m026", 
            "m027", 
            "m028", 
            "m029", 
            "m030", 
            "m031", 
            "m032", 
            "m034", 
            "m035", 
            "m036", 
            "m037", 
            "m038", 
            "m039", 
            "m040", 
            "m041", 
            "m042", 
            "m043", 
            "m047"
        ], 
        "coherent_beam_shape": {
            "angle": 5.529127648066576, 
            "x": 0.007237864417201266, 
            "y": 0.008228396375832147
        }, 
        "ib_antennas": [
            "m000", 
            "m001", 
            "m002", 
            "m003", 
            "m004", 
            "m005", 
            "m006", 
            "m007", 
            "m008", 
            "m009", 
            "m010", 
            "m011", 
            "m012", 
            "m013", 
            "m014", 
            "m015", 
            "m016", 
            "m017", 
            "m018", 
            "m019", 
            "m020", 
            "m021", 
            "m022", 
            "m023", 
            "m024", 
            "m025", 
            "m026", 
            "m027", 
            "m028", 
            "m029", 
            "m030", 
            "m031", 
            "m032", 
            "m033", 
            "m034", 
            "m035", 
            "m036", 
            "m037", 
            "m038", 
            "m039", 
            "m040", 
            "m041", 
            "m042", 
            "m043", 
            "m044", 
            "m047", 
            "m048", 
            "m049", 
            "m050", 
            "m051", 
            "m052", 
            "m053", 
            "m054", 
            "m055", 
            "m056", 
            "m057", 
            "m058", 
            "m059", 
            "m060", 
            "m061", 
            "m062", 
            "m063"
        ], 
        "list": [
            {
                "absnum": 300, 
                "coherent": true, 
                "dec_dms": "-27:19:57.2", 
                "mc_ip": "239.11.1.13", 
                "mc_port": 7147, 
                "ra_hms": "4:28:28.70", 
                "relnum": 0, 
                "source": "J0429-27"
            }, 
            {
                "absnum": 301, 
                "coherent": true, 
                "dec_dms": "-27:16:52.6", 
                "mc_ip": "239.11.1.13", 
                "mc_port": 7147, 
                "ra_hms": "4:30:51.79", 
                "relnum": 1, 
                "source": "J0429-27"
            }, 
            {
                "absnum": 302, 
                "coherent": true, 
                "dec_dms": "-27:20:04.1", 
                "mc_ip": "239.11.1.13", 
                "mc_port": 7147, 
                "ra_hms": "4:28:23.19", 
                "relnum": 2, 
                "source": "J0429-27"
            }, 
            {
                "absnum": 303, 
                "coherent": true, 
                "dec_dms": "-27:16:45.3", 
                "mc_ip": "239.11.1.13", 
                "mc_port": 7147, 
                "ra_hms": "4:30:57.29", 
                "relnum": 3, 
                "source": "J0429-27"
            }, 
            {
                "absnum": 304, 
                "coherent": true, 
                "dec_dms": "-27:20:11.0", 
                "mc_ip": "239.11.1.13", 
                "mc_port": 7147, 
                "ra_hms": "4:28:17.68", 
                "relnum": 4, 
                "source": "J0429-27"
            }, 
            {
                "absnum": 305, 
                "coherent": true, 
                "dec_dms": "-27:30:28.3", 
                "mc_ip": "239.11.1.13", 
                "mc_port": 7147, 
                "ra_hms": "4:29:45.51", 
                "relnum": 5, 
                "source": "J0429-27"
            }, 
            {
                "absnum": 306, 
                "coherent": true, 
                "dec_dms": "-27:30:35.4", 
                "mc_ip": "239.11.1.13", 
                "mc_port": 7147, 
                "ra_hms": "4:29:40.00", 
                "relnum": 6, 
                "source": "J0429-27"
            }, 
            {
                "absnum": 307, 
                "coherent": true, 
                "dec_dms": "-27:30:21.1", 
                "mc_ip": "239.11.1.13", 
                "mc_port": 7147, 
                "ra_hms": "4:29:51.03", 
                "relnum": 7, 
                "source": "J0429-27"
            }, 
            {
                "absnum": 308, 
                "coherent": true, 
                "dec_dms": "-27:30:42.5", 
                "mc_ip": "239.11.1.13", 
                "mc_port": 7147, 
                "ra_hms": "4:29:34.49", 
                "relnum": 8, 
                "source": "J0429-27"
            }, 
            {
                "absnum": 309, 
                "coherent": true, 
                "dec_dms": "-27:30:14.0", 
                "mc_ip": "239.11.1.13", 
                "mc_port": 7147, 
                "ra_hms": "4:29:56.54", 
                "relnum": 9, 
                "source": "J0429-27"
            }, 
            {
                "absnum": 310, 
                "coherent": true, 
                "dec_dms": "-27:30:49.5", 
                "mc_ip": "239.11.1.13", 
                "mc_port": 7147, 
                "ra_hms": "4:29:28.97", 
                "relnum": 10, 
                "source": "J0429-27"
            }, 
            {
                "absnum": 311, 
                "coherent": true, 
                "dec_dms": "-27:30:06.8", 
                "mc_ip": "239.11.1.13", 
                "mc_port": 7147, 
                "ra_hms": "4:30:02.05", 
                "relnum": 11, 
                "source": "J0429-27"
            }
        ]
    }, 
    "data": {
        "bw": 856000000.0, 
        "cfreq": 1284000000.0, 
        "nbeam": 12, 
        "nbit": 8, 
        "nchan": 1024, 
        "npol": 1, 
        "sample_clock": 1712000000.0, 
        "sync_time": 1607704817.0, 
        "tsamp": 0.0003062429906542056
    }, 
    "pipeline": {
        "bpmon": {
            "enabled": true
        }, 
        "chanmask": {
            "1024C": "", 
            "4096C": ""
        }, 
        "cheetah": {
            "aggbuffer_timespan": 36.0, 
            "candidate_window_ms": 500.0, 
            "ddplan_str": "0:370:0.307,370:740:0.652,740:1480:1.266,1480:2950:2.512,2950:5000:4", 
            "iqrm": {
                "active": true, 
                "edge_channels": 32, 
                "max_lag": 15, 
                "nsigma": 3.0
            }, 
            "sps": {
                "pool": {
                    "cpus": 8, 
                    "gpus": 2
                }, 
                "threshold": 8.0
            }, 
            "spscl": {
                "active": true, 
                "dm_thresh": 23.5, 
                "linking_length": 1.0, 
                "pulse_width_tolerance": 100.0,