{
    "beams": {
        "ca_target_request": {
            "beams": [], 
            "tilings": [
                {
                    "epoch": 1617916577.527572, 
                    "nbeams": 768, 
                    "overlap": 0.25, 
                    "reference_frequency": 1284000000.0, 
                    "target": "J1337-28, radec target, 13:37:19.99, -28:02:42.0"
                }
            ]
        }, 
        "cb_antennas": [
            "m000", 
            "m001", 
            "m002", 
            "m003", 
            "m004", 
            "m005", 
            "m006", 
            "m007", 
            "m008", 
            "m009", 
            "m010", 
            "m011", 
            "m012", 
            "m013", 
            "m014", 
            "m015", 
            "m016", 
            "m017", 
            "m018", 
            "m019", 
            "m020", 
            "m021", 
            "m022", 
            "m023", 
            "m024", 
            "m025", 
            "m026", 
            "m027", 
            "m028", 
            "m029", 
            "m030", 
            "m031", 
            "m032", 
            "m034", 
            "m035", 
            "m036", 
            "m037", 
            "m038", 
            "m039", 
            "m040", 
            "m041", 
            "m042", 
            "m043", 
            "m047"
        ], 
        "coherent_beam_shape": {
            "angle": 297.3276669880429, 
            "x": 0.008230706280330203, 
            "y": 0.007854824067347567
        }, 
        "ib_antennas": [
            "m000", 
            "m001", 
            "m002", 
            "m003", 
            "m004", 
            "m005", 
            "m006", 
            "m007", 
            "m008", 
            "m009", 
            "m010", 
            "m011", 
            "m012", 
            "m013", 
            "m014", 
            "m015", 
            "m016", 
            "m017", 
            "m018", 
            "m019", 
            "m020", 
            "m021", 
            "m022", 
            "m023", 
            "m024", 
            "m025", 
            "m026", 
            "m027", 
            "m028", 
            "m029", 
            "m030", 
            "m031", 
            "m032", 
            "m033", 
            "m034", 
            "m035", 
            "m036", 
            "m037", 
            "m038", 
            "m039", 
            "m040", 
            "m041", 
            "m042", 
            "m043", 
            "m044", 
            "m045", 
            "m046", 
            "m047", 
            "m048", 
            "m049", 
            "m050", 
            "m051", 
            "m052", 
            "m053", 
            "m054", 
            "m055", 
            "m056", 
            "m057", 
            "m058", 
            "m059", 
            "m060", 
            "m061", 
            "m062", 
            "m063"
        ], 
        "list": [
            {
                "absnum": 348, 
                "coherent": true, 
                "dec_dms": "-28:00:54.6", 
                "mc_ip": "239.11.1.15", 
                "mc_port": 7147, 
                "ra_hms": "13:36:40.49", 
                "relnum": 0, 
                "source": "J1337-28"
            }, 
            {
                "absnum": 349, 
                "coherent": true, 
                "dec_dms": "-28:12:05.0", 
                "mc_ip": "239.11.1.15", 
                "mc_port": 7147, 
                "ra_hms": "13:37:06.61", 
                "relnum": 1, 
                "source": "J1337-28"
            }, 
            {
                "absnum": 350, 
                "coherent": true, 
                "dec_dms": "-27:59:40.1", 
                "mc_ip": "239.11.1.15", 
                "mc_port": 7147, 
                "ra_hms": "13:36:37.59", 
                "relnum": 2, 
                "source": "J1337-28"
            }, 
            {
                "absnum": 351, 
                "coherent": true, 
                "dec_dms": "-28:13:19.5", 
                "mc_ip": "239.11.1.15", 
                "mc_port": 7147, 
                "ra_hms": "13:37:09.52", 
                "relnum": 3, 
                "source": "J1337-28"
            }, 
            {
                "absnum": 352, 
                "coherent": true, 
                "dec_dms": "-27:58:25.6", 
                "mc_ip": "239.11.1.15", 
                "mc_port": 7147, 
                "ra_hms": "13:36:34.69", 
                "relnum": 4, 
                "source": "J1337-28"
            }, 
            {
                "absnum": 353, 
                "coherent": true, 
                "dec_dms": "-28:14:34.0", 
                "mc_ip": "239.11.1.15", 
                "mc_port": 7147, 
                "ra_hms": "13:37:12.43", 
                "relnum": 5, 
                "source": "J1337-28"
            }, 
            {
                "absnum": 354, 
                "coherent": true, 
                "dec_dms": "-27:57:11.1", 
                "mc_ip": "239.11.1.15", 
                "mc_port": 7147, 
                "ra_hms": "13:36:31.80", 
                "relnum": 6, 
                "source": "J1337-28"
            }, 
            {
                "absnum": 355, 
                "coherent": true, 
                "dec_dms": "-28:15:48.4", 
                "mc_ip": "239.11.1.15", 
                "mc_port": 7147, 
                "ra_hms": "13:37:15.34", 
                "relnum": 7, 
                "source": "J1337-28"
            }, 
            {
                "absnum": 356, 
                "coherent": true, 
                "dec_dms": "-27:55:56.6", 
                "mc_ip": "239.11.1.15", 
                "mc_port": 7147, 
                "ra_hms": "13:36:28.91", 
                "relnum": 8, 
                "source": "J1337-28"
            }, 
            {
                "absnum": 357, 
                "coherent": true, 
                "dec_dms": "-28:17:02.9", 
                "mc_ip": "239.11.1.15", 
                "mc_port": 7147, 
                "ra_hms": "13:37:18.25", 
                "relnum": 9, 
                "source": "J1337-28"
            }, 
            {
                "absnum": 358, 
                "coherent": true, 
                "dec_dms": "-27:54:42.0", 
                "mc_ip": "239.11.1.15", 
                "mc_port": 7147, 
                "ra_hms": "13:36:26.01", 
                "relnum": 10, 
                "source": "J1337-28"
            }, 
            {
                "absnum": 359, 
                "coherent": true, 
                "dec_dms": "-28:18:17.3", 
                "mc_ip": "239.11.1.15", 
                "mc_port": 7147, 
                "ra_hms": "13:37:21.17", 
                "relnum": 11, 
                "source": "J1337-28"
            }
        ]
    }, 
    "data": {
        "bw": 856000000.0, 
        "cfreq": 1284000000.0, 
        "nbeam": 12, 
        "nbit": 8, 
        "nchan": 1024, 
        "npol": 1, 
        "sample_clock": 1712000000.0, 
        "sync_time": 1617801944.0, 
        "tsamp": 0.0003062429906542056
    }, 
    "pipeline": {
        "bpmon": {
            "maxrate": 50000000.0
        }, 
        "cheetah": {
            "aggbuffer_timespan": 36.0, 
            "candidate_window_ms": 500.0, 
            "ddplan_str": {
                "c544": "0:370:0.307, 370:740:0.652, 740:1480:1.266, 1480:2500:2.512", 
                "c856": "0:370:0.307, 370:740:0.652, 740:1480:1.266, 1480:2950:2.512, 2950:5000:4"
            }, 
            "iqrm": {
                "active": true, 
                "edge_channels": 48, 
                "max_lag": 15, 
                "nsigma": 3.0
            }, 
            "sps": {
                "pool": {
                    "cpus": 8, 
                    "gpus": 2
                }, 
                "threshold": 7.0
            }, 
            "spscl": {
                "active": true, 
                "dm_thresh": 23.5,