{
    "beams": {
        "ca_target_request": {
            "beams": [], 
            "tilings": [
                {
                    "epoch": 1612269724.35533, 
                    "nbeams": 768, 
                    "overlap": 0.25, 
                    "reference_frequency": 1284000000.0, 
                    "target": "J1946-5403, radec Pulsars, 19:46:34.49, -54:03:42.5"
                }
            ]
        }, 
        "cb_antennas": [
            "m000", 
            "m001", 
            "m002", 
            "m003", 
            "m004", 
            "m005", 
            "m006", 
            "m007", 
            "m008", 
            "m012", 
            "m013", 
            "m014", 
            "m015", 
            "m016", 
            "m017", 
            "m018", 
            "m019", 
            "m020", 
            "m021", 
            "m026", 
            "m027", 
            "m028", 
            "m029", 
            "m030", 
            "m032", 
            "m034", 
            "m035", 
            "m036", 
            "m037", 
            "m038", 
            "m039", 
            "m040"
        ], 
        "coherent_beam_shape": {
            "angle": -162.2646559128307, 
            "x": 0.012298903197480655, 
            "y": 0.009818950475865349
        }, 
        "ib_antennas": [
            "m000", 
            "m001", 
            "m002", 
            "m003", 
            "m004", 
            "m005", 
            "m006", 
            "m007", 
            "m008", 
            "m012", 
            "m013", 
            "m014", 
            "m015", 
            "m016", 
            "m017", 
            "m018", 
            "m019", 
            "m020", 
            "m021", 
            "m026", 
            "m027", 
            "m028", 
            "m029", 
            "m030", 
            "m032", 
            "m033", 
            "m034", 
            "m035", 
            "m036", 
            "m037", 
            "m038", 
            "m039", 
            "m040", 
            "m041", 
            "m042", 
            "m044", 
            "m045", 
            "m046", 
            "m047", 
            "m048", 
            "m049", 
            "m050", 
            "m051", 
            "m052", 
            "m053", 
            "m054", 
            "m055", 
            "m056", 
            "m057", 
            "m058", 
            "m059", 
            "m060", 
            "m061", 
            "m062", 
            "m063"
        ], 
        "list": [
            {
                "absnum": 336, 
                "coherent": true, 
                "dec_dms": "-53:47:44.5", 
                "mc_ip": "239.11.1.15", 
                "mc_port": 7147, 
                "ra_hms": "19:48:58.18", 
                "relnum": 0, 
                "source": "J1946-5403"
            }, 
            {
                "absnum": 337, 
                "coherent": true, 
                "dec_dms": "-54:13:38.8", 
                "mc_ip": "239.11.1.15", 
                "mc_port": 7147, 
                "ra_hms": "19:46:48.74", 
                "relnum": 1, 
                "source": "J1946-5403"
            }, 
            {
                "absnum": 338, 
                "coherent": true, 
                "dec_dms": "-54:13:00.5", 
                "mc_ip": "239.11.1.15", 
                "mc_port": 7147, 
                "ra_hms": "19:47:02.34", 
                "relnum": 2, 
                "source": "J1946-5403"
            }, 
            {
                "absnum": 339, 
                "coherent": true, 
                "dec_dms": "-54:14:17.0", 
                "mc_ip": "239.11.1.15", 
                "mc_port": 7147, 
                "ra_hms": "19:46:35.14", 
                "relnum": 3, 
                "source": "J1946-5403"
            }, 
            {
                "absnum": 340, 
                "coherent": true, 
                "dec_dms": "-54:12:22.1", 
                "mc_ip": "239.11.1.15", 
                "mc_port": 7147, 
                "ra_hms": "19:47:15.93", 
                "relnum": 4, 
                "source": "J1946-5403"
            }, 
            {
                "absnum": 341, 
                "coherent": true, 
                "dec_dms": "-54:14:55.1", 
                "mc_ip": "239.11.1.15", 
                "mc_port": 7147, 
                "ra_hms": "19:46:21.53", 
                "relnum": 5, 
                "source": "J1946-5403"
            }, 
            {
                "absnum": 342, 
                "coherent": true, 
                "dec_dms": "-54:11:43.6", 
                "mc_ip": "239.11.1.15", 
                "mc_port": 7147, 
                "ra_hms": "19:47:29.51", 
                "relnum": 6, 
                "source": "J1946-5403"
            }, 
            {
                "absnum": 343, 
                "coherent": true, 
                "dec_dms": "-54:15:33.1", 
                "mc_ip": "239.11.1.15", 
                "mc_port": 7147, 
                "ra_hms": "19:46:07.91", 
                "relnum": 7, 
                "source": "J1946-5403"
            }, 
            {
                "absnum": 344, 
                "coherent": true, 
                "dec_dms": "-54:11:05.1", 
                "mc_ip": "239.11.1.15", 
                "mc_port": 7147, 
                "ra_hms": "19:47:43.09", 
                "relnum": 8, 
                "source": "J1946-5403"
            }, 
            {
                "absnum": 345, 
                "coherent": true, 
                "dec_dms": "-54:16:11.0", 
                "mc_ip": "239.11.1.15", 
                "mc_port": 7147, 
                "ra_hms": "19:45:54.29", 
                "relnum": 9, 
                "source": "J1946-5403"
            }, 
            {
                "absnum": 346, 
                "coherent": true, 
                "dec_dms": "-54:10:26.4", 
                "mc_ip": "239.11.1.15", 
                "mc_port": 7147, 
                "ra_hms": "19:47:56.65", 
                "relnum": 10, 
                "source": "J1946-5403"
            }, 
            {
                "absnum": 347, 
                "coherent": true, 
                "dec_dms": "-54:16:48.9", 
                "mc_ip": "239.11.1.15", 
                "mc_port": 7147, 
                "ra_hms": "19:45:40.66", 
                "relnum": 11, 
                "source": "J1946-5403"
            }
        ]
    }, 
    "data": {
        "bw": 856000000.0, 
        "cfreq": 1284000000.0, 
        "nbeam": 12, 
        "nbit": 8, 
        "nchan": 1024, 
        "npol": 1, 
        "sample_clock": 1712000000.0, 
        "sync_time": 1612255301.0, 
        "tsamp": 0.0003062429906542056
    }, 
    "pipeline": {
        "bpmon": {
            "enabled": false
        }, 
        "chanmask": {
            "1024C": "", 
            "4096C": ""
        }, 
        "cheetah": {
            "aggbuffer_timespan": 36.0, 
            "candidate_window_ms": 500.0, 
            "ddplan_str": "0:370:0.307,370:740:0.652,740:1480:1.266,1480:2950:2.512,2950:5000:4", 
            "iqrm": {
                "active": true, 
                "edge_channels": 32, 
                "max_lag": 15, 
                "nsigma": 3.0
            }, 
            "sps": {
                "pool": {
                    "cpus": 8, 
                    "gpus": 2
                }, 
                "threshold": 8.0
            }, 
            "spscl": {
                "active": true, 
                "dm_thresh": 23.5, 
                "linking_length": 1.0, 
                "pulse_width_tolerance": 100.0, 
                "time_tolerance": 100.0
            }, 
            "spsift": {
                "active": true, 
                "dm_thresh": 20.0, 
                "maximum_candidates": 50000, 
                "pulse_width_threshold": 300.0, 
                "sigma_thresh": 8.0
            }
        }, 
        "container": "pipeline", 
        "dada": {
            "ipcrm": true,